{"train_loss": [7.686673829049775, 6.789141403132187, 5.524770179352203, 5.206821342567345, 5.145626291052087, 5.1200387591407415, 5.064920098234564, 4.996398159951875, 4.9344559242198995, 4.865610360583186, 4.79855269683904, 4.726578473012685, 4.646799415220946, 4.56032298395644, 4.463255120562269, 4.354761030250813, 4.236320709511316, 4.105819166738749, 3.9647860901180283, 3.813796366706039], "val_loss": [7.461699279355797, 5.867397743902165, 5.2524521464393255, 5.156570401542631, 5.132038985495959, 5.110680660644135, 5.04275014183738, 4.997914508307651, 4.956907185641202, 4.923968694942854, 4.896130297607158, 4.882294334890522, 4.880621183486212, 4.891475706389456, 4.929273006719944, 4.967330259678167, 5.026802182713628, 5.113093147030124, 5.217101926927443, 5.335261464635015]}