{"train_loss": [6.337752159907829, 4.812518101477087, 4.62950078794829, 4.332089543439429, 3.887852778513516, 3.631393068630199, 3.4655200629385385, 3.2997835283514414, 3.1095186675624604, 2.9049398413590226, 2.6858074393919287, 2.451130927173936, 2.208763806406089, 1.9599311619698436, 1.7113916594066048], "val_loss": [5.126745809208263, 4.6903723292536545, 4.535416361057397, 4.100837473229412, 3.7518227043605985, 3.623532501392034, 3.591265399734695, 3.579881366197165, 3.6141975442052403, 3.677992406345549, 3.8031638432374764, 3.9534808807558828, 4.132196098953099, 4.35352687634431, 4.566643651687738]}