{
  "total": [
    0.11610884621236751,
    0.054772031016433985,
    0.042725069140855866,
    0.036485568428822245,
    0.032616882227750825,
    0.02982979284645173,
    0.027944058588728355,
    0.027212398861617054,
    0.024959729016563743,
    0.023616819101598893,
    0.023382228277316695,
    0.022879702803567548,
    0.022048968658393214,
    0.021591331297057946,
    0.021355634164177028,
    0.022625539809396255,
    0.020619755487139253,
    0.020458088407923406,
    0.020227151134558263,
    0.02011431286747669,
    0.019910780466771343,
    0.020502957397000265,
    0.01947716769975563,
    0.019212695740326437,
    0.01941834294799995,
    0.0189662747325153,
    0.01906549131642455,
    0.01876041823951149,
    0.018686440303636774,
    0.018585992032275424,
    0.01867515911293026
  ],
  "reconstruction_loss": [
    0.0787708714048387,
    0.041575633658757334,
    0.0318042398120763,
    0.027138508067557455,
    0.024849464419479536,
    0.023194930968913237,
    0.02214647460121687,
    0.02189098275413398,
    0.020236041111100358,
    0.019299758143867553,
    0.019011183155896068,
    0.018738468043936998,
    0.018158541417676713,
    0.017790992221899705,
    0.01756187697857518,
    0.01846614308021111,
    0.016989450340004875,
    0.016822762526045833,
    0.016630288287840647,
    0.016519581778307386,
    0.016330671459878494,
    0.016732878710118308,
    0.016006473992079828,
    0.01580094261262577,
    0.015928631366337757,
    0.015584742031274875,
    0.015620259534142634,
    0.015364298517605384,
    0.015253941183655303,
    0.015136835220425469,
    0.015135459956163838
  ],
  "vq_loss": [
    0.037337974862926934,
    0.01319639733941848,
    0.010920829310278875,
    0.009347060355193173,
    0.007767417819505086,
    0.006634861874632601,
    0.005797583984077251,
    0.005321416105798439,
    0.004723687895554777,
    0.004317060950854213,
    0.004371045122598572,
    0.004141234752762082,
    0.0038904272209945574,
    0.0038003390727720356,
    0.003793757183696346,
    0.00415939672523556,
    0.0036303051396163093,
    0.003635325884437009,
    0.0035968628341153204,
    0.0035947310927984186,
    0.0035801090061739556,
    0.0037700786893764345,
    0.0034706937103435023,
    0.0034117531220621117,
    0.0034897115903019097,
    0.003381532681916908,
    0.003445231777795326,
    0.0033961197167742432,
    0.0034324991132992245,
    0.003449156812412945,
    0.0035396991577494857
  ],
  "codebook_loss": [
    0.03394361356690737,
    0.011996724854393176,
    0.009928026647142707,
    0.008497327598159278,
    0.007061288925342499,
    0.006031692613034649,
    0.0052705308963747295,
    0.004837651006776812,
    0.004294261724988298,
    0.0039246008647574075,
    0.003973677382188404,
    0.003764758867069784,
    0.003536752019782021,
    0.0034548537018444453,
    0.0034488701684895835,
    0.0037812697499086355,
    0.00330027739929135,
    0.0033048417135076225,
    0.0032698753041695444,
    0.0032679373566020724,
    0.003254644550358181,
    0.003427344262964762,
    0.00315517610036818,
    0.0031015937477512374,
    0.0031724650844012943,
    0.003074120618958325,
    0.0031320288892729502,
    0.0030873815592432356,
    0.003120453739431041,
    0.003135597101525086,
    0.0032179083245559427
  ],
  "commitment_loss": [
    0.0033943614140827132,
    0.0011996725084802966,
    0.0009928026809147155,
    0.0008497327734666815,
    0.0007061289050618402,
    0.0006031692725405111,
    0.0005270530986515782,
    0.00048376510833584885,
    0.00042942617897287987,
    0.00039246009264967425,
    0.0003973677445178225,
    0.00037647589288665006,
    0.0003536752080939961,
    0.00034548537596363607,
    0.00034488702264958673,
    0.0003781269813595696,
    0.00033002774571233237,
    0.0003304841773155236,
    0.00032698753621660843,
    0.00032679374183543995,
    0.000325464460828543,
    0.00034273443256882454,
    0.00031551761582716104,
    0.00031015938066020053,
    0.00031724651419387815,
    0.00030741206780732645,
    0.0003132028949242117,
    0.00030873816182542385,
    0.0003120453797822756,
    0.0003135597160835989,
    0.0003217908382820985
  ],
  "val_total": [
    0.09965858494598782,
    0.09636132369588492,
    0.04268103438806398,
    0.07359885259846558,
    0.054952870156923454,
    0.05305761483802122,
    0.06235510760987801,
    0.06432764576559348,
    0.026791976471352813,
    0.033461603477145684,
    0.049709920659000185,
    0.03802811807508288,
    0.02771653524256473,
    0.026605200345217732,
    0.07421130775312633,
    0.02589273586290457,
    0.02649011793481671,
    0.026530408619943723,
    0.023120028794587667,
    0.022588974872169612,
    0.03531938846346702,
    0.029682453057221805,
    0.021938375166010642,
    0.029214445390549414,
    0.028881214629243153,
    0.04064945817285599,
    0.022607098586599112,
    0.021043716290416518,
    0.029203769915079066,
    0.024662005270226463,
    0.02692373101183982
  ],
  "val_reconstruction_loss": [
    0.07147134578165129,
    0.07825532403524928,
    0.031143931200156835,
    0.057724260224727014,
    0.038423190457490985,
    0.04355732203290807,
    0.04949706214672354,
    0.04876772666132652,
    0.022005217275215056,
    0.028660908940772247,
    0.0428393034280973,
    0.03211590062365966,
    0.02355672710863775,
    0.022549560191582222,
    0.0661679644623474,
    0.02170085208420326,
    0.022129052553919018,
    0.022399838241376948,
    0.01921770040232114,
    0.01866065377702261,
    0.02884329776420738,
    0.025982980238903355,
    0.01835483212130624,
    0.024344146382029325,
    0.02419129690186883,
    0.03662890504260429,
    0.018932919049934587,
    0.017818997851555,
    0.025255065104162776,
    0.020775904008928762,
    0.02236084294533951
  ],
  "val_vq_loss": [
    0.02818723923107118,
    0.018105999584233822,
    0.011537103194455875,
    0.015874592480389253,
    0.01652967965483875,
    0.009500292829125147,
    0.012858045451928079,
    0.015559918997772182,
    0.004786759217343158,
    0.004800694550172545,
    0.006870617191844398,
    0.005912217468886485,
    0.004159808106523674,
    0.004055640155428616,
    0.00804334322373242,
    0.004191883765993661,
    0.004361065357119573,
    0.004130570369718196,
    0.0039023284315588924,
    0.003928321103566799,
    0.006476090774102245,
    0.003699472818981121,
    0.003583543046692406,
    0.004870299024268219,
    0.0046899176837161384,
    0.004020553161358162,
    0.003674179514913394,
    0.00322471844568311,
    0.003948704763438017,
    0.0038861012463291826,
    0.004562888074452337
  ],
  "val_codebook_loss": [
    0.02562476293614676,
    0.01645999960757252,
    0.010488275630487213,
    0.014431447712350597,
    0.015026981513258073,
    0.008636629844772621,
    0.011689132231506106,
    0.01414538090326679,
    0.00435159929530474,
    0.004364267764521038,
    0.006246015627361883,
    0.005374743153100839,
    0.0037816437324981467,
    0.0036869455948590523,
    0.0073121301950654525,
    0.0038108034201684224,
    0.003964604864569925,
    0.003755063964008771,
    0.0035475713098192486,
    0.0035712010001134713,
    0.00588735524753959,
    0.0033631571074665494,
    0.0032577664071683724,
    0.004427544566106177,
    0.0042635615284823,
    0.003655048329308292,
    0.003340163194085912,
    0.002931562224432649,
    0.003589731607668472,
    0.003532819313001996,
    0.004148080066705886
  ],