{
  "total": [
    0.10537529113555452,
    0.03673354726947487,
    0.028894987036498006,
    0.024619553373325106,
    0.022423212301221088,
    0.021319267584876966,
    0.020496871466643758,
    0.01983553905321465,
    0.019266273028444476,
    0.018674098487843547,
    0.018296626031059835,
    0.01803039068256795,
    0.01791289035203639,
    0.01759432646202066,
    0.01743399403482926,
    0.017299849435085855,
    0.0171047662521745,
    0.01704032762965196,
    0.016827649921088032,
    0.016696785057390764,
    0.016560643178509433,
    0.016522456629813574,
    0.01640690128262728,
    0.01628973500663402,
    0.01622977813404692,
    0.016129234891446374,
    0.016017224087871384,
    0.015964996896839518,
    0.01592987213957618,
    0.015865279894726664,
    0.015847312458991326,
    0.015819043758323513,
    0.0157603923157725,
    0.015711689603179813,
    0.0157053750790121,
    0.015692297322335135,
    0.015745144744695943,
    0.01576036505371881,
    0.015691954172459714,
    0.015691275937866542,
    0.01563795422567743,
    0.015588516486980649,
    0.015550620087760108,
    0.01546075951732693,
    0.015423643604756176,
    0.015402005622231506,
    0.01536788621293459,
    0.015403839424121374,
    0.015309313211046338,
    0.015306119394236194,
    0.015241703930450363
  ],
  "reconstruction_loss": [
    0.06721245909133416,
    0.03226403045502582,
    0.024622346317174148,
    0.02071661895179842,
    0.018974826015751924,
    0.01814149393410806,
    0.017564235042277276,
    0.017106052838627026,
    0.016748221106918044,
    0.01634174135417521,
    0.016120011993650332,
    0.01592111974428041,
    0.01581441983101436,
    0.015562154040458787,
    0.015461546758524196,
    0.015361112657195019,
    0.015209673039893568,
    0.015148936305069,
    0.014987135178899009,
    0.014914145178723684,
    0.01481838708210332,
    0.01477900314586872,
    0.014692464147359254,
    0.01462842947925748,
    0.01458987101560447,
    0.014520858782914767,
    0.014431168691167139,
    0.01437733191724452,
    0.014351038567897365,
    0.014293428104912527,
    0.014272878403961254,
    0.014218550144409522,
    0.014154912354391811,
    0.014104221575769134,
    0.014084647229809346,
    0.014019629104234906,
    0.013955729369466508,
    0.013928120437330617,
    0.013864196371917572,
    0.013859414681640947,
    0.013804896332418373,
    0.013760577311808424,
    0.013726083568839274,
    0.013685649743058028,
    0.013667069364166617,
    0.013646460630276034,
    0.013611513711996285,
    0.013638664053381296,
    0.013554136352520259,
    0.013559065371067857,
    0.013514967406793497
  ],
  "vq_loss": [
    0.038162832743910156,
    0.004469516789860925,
    0.004272640705075354,
    0.0039029344027388347,
    0.0034483862434802116,
    0.0031777736822921443,
    0.0029326364408216155,
    0.00272948621988353,
    0.002518051918311059,
    0.0023323571353705917,
    0.0021766140490100533,
    0.002109270937152705,
    0.002098470503495108,
    0.002032172405989394,
    0.001972447286392498,
    0.0019387367747385118,
    0.0018950931983791855,
    0.001891391315125988,
    0.0018405147707490758,
    0.0017826398637565898,
    0.0017422560916776268,
    0.001743453484070945,
    0.0017144371365289555,
    0.0016613055286374707,
    0.001639907111002966,
    0.0016083761346643711,
    0.0015860554088722141,
    0.0015876649864040157,
    0.0015788335650589347,
    0.0015718517931555987,
    0.0015744340511842363,
    0.0016004935944326285,
    0.0016054799764803208,
    0.0016074680427309745,
    0.001620727855444354,
    0.0016726682285344212,
    0.0017894153536044944,
    0.001832244612416265,
    0.001827757791967822,
    0.0018318612560364546,
    0.0018330578718863018,
    0.001827939190744704,
    0.001824536515201091,
    0.0017751097770744716,
    0.001756574247146392,
    0.0017555449854616846,
    0.0017563725064863947,
    0.0017651753831602333,
    0.0017551768663438426,
    0.0017470540244923136,
    0.001726736522585077
  ],
  "codebook_loss": [
    0.030530265773775905,
    0.003575613435785012,
    0.0034181125629254468,
    0.0031223475234267786,
    0.0027587089945824207,
    0.0025422189448627997,
    0.002346109154145189,
    0.0021835889749485175,
    0.0020144415363384928,
    0.0018658857080695059,
    0.001741291240796814,
    0.0016874167503274104,
    0.0016787764012955802,
    0.0016257379207439315,
    0.0015779578294292307,
    0.001550989418618145,
    0.0015160745584007252,
    0.001513113050713768,
    0.0014724118165425188,
    0.0014261118908476557,
    0.0013938048740230035,
    0.0013947627878367836,
    0.0013715497077730955,
    0.001329044422935195,
    0.0013119256900128652,
    0.0012867009083619616,
    0.0012688443269338503,
    0.0012701319896843261,
    0.0012630668521795452,
    0.0012574814337679213,
    0.0012595472387218485,
    0.0012803948743482197,
    0.0012843839821930004,
    0.0012859744351115627,
    0.0012965822848850735,
    0.0013381345821718536,
    0.001431532281761368,
    0.001465795689056666,
    0.0014622062339714503,
    0.0014654890053272308,
    0.001466446299362608,
    0.0014623513516437614,
    0.0014596292118582497,
    0.0014200878213632589,
    0.001405259396418356,
    0.0014044359882306454,
    0.0014050980068913707,
    0.0014121403076062815,
    0.0014041414935920553,
    0.0013976432202747527,
    0.0013813892177465246
  ],
  "commitment_loss": [
    0.007632566443443976,
    0.000893903358946253,
    0.0008545281407313617,
    0.0007805868808566947,
    0.0006896772486456052,
    0.0006355547362156999,
    0.0005865272885362973,
    0.0005458972437371294,
    0.0005036103840846232,
    0.00046647142701737647,
    0.0004353228101992035,
    0.0004218541875818526,
    0.00041969410032389505,
    0.0004064344801859829,
    0.00039448945735730766,
    0.00038774735465453623,
    0.0003790186396001813,
    0.000378278262678442,
    0.0003681029541356297,
    0.00035652797271191393,
    0.0003484512185057509,
    0.0003486906969591959,
    0.00034288742694327386,
    0.00033226110573379876,
    0.0003279814225032163,
    0.0003216752270904904,
    0.0003172110817334626,
    0.00031753299742108153,
    0.0003157667130448863,
    0.0003143703584419803,
    0.0003148868096804621,
    0.00032009871858705493,
    0.0003210959955482501,
    0.0003214936087778907,
    0.0003241455712212684,
    0.0003345336455429634,
    0.000357883070440342,
    0.0003664489222641665,
    0.00036555155849286256,
    0.0003663722513318077,
    0.000366611574840652,
    0.00036558783791094035,
    0.00036490730296456244,
    0.0003550219553408147,
    0.000351314849104589,
    0.00035110899705766136,
    0.0003512745017228427,
    0.00035303507690157037,
    0.0003510353733980138,
    0.0003494108050686882,
    0.00034534730443663115
  ],