{"train_loss": [6.563371014449753, 5.204046459043034, 4.883047032501541, 4.420905580759532, 4.079408978189095, 3.937416683602511, 3.8404151460328615, 3.7480808591874935, 3.654179650218243, 3.565225465086238, 3.473602610499615, 3.3843280298934246, 3.290420689902438, 3.199453147844277, 3.105314295729351, 3.0134534012891994, 2.9248374634525143, 2.8396250506390084], "val_loss": [5.498275525000654, 5.00005512129118, 4.719513689045268, 4.185552048954244, 3.987110782715199, 3.90112983618934, 3.8226076780813867, 3.7829039312402943, 3.7393743487132456, 3.7187911800648887, 3.7175284001268305, 3.727035162574095, 3.755523672733813, 3.7948488983904016, 3.829464522580166, 3.8932270156930575, 3.9606034341346397, 4.011762204270913]}