{"train_loss": [6.143606698774497, 4.787734647963126, 4.573630886609852, 4.26178281435694, 3.851921175735416, 3.6228134176319866, 3.46713990807501, 3.3059440324082465, 3.124183351419626, 2.9306665885877776, 2.7304566696734085, 2.521547898734904, 2.3113094785495596, 2.0971893831349115, 1.8835922377948158], "val_loss": [5.014254905960777, 4.666729439388622, 4.453865113454464, 4.028224138986497, 3.7471288736764485, 3.6255826165665797, 3.597166239699244, 3.5708095446809547, 3.6110253318563683, 3.682032039929262, 3.7863171766330668, 3.918195375632414, 4.089550887351428, 4.258916871888297, 4.442972832685941]}