{
  "total": [
    0.15252459001414087,
    0.07749320401769419,
    0.07318241365374907,
    0.06732373729004777,
    0.060192548323922186,
    0.054586403089618825,
    0.05096866341113641,
    0.0495250496405718,
    0.04766686200818972,
    0.045342270519995384,
    0.043697639646383235,
    0.042601154487749614,
    0.041411934808322615,
    0.04053026949237607,
    0.03981991753901215,
    0.039286303087452824,
    0.0387499226818843,
    0.03791179912983445,
    0.03747558495876508,
    0.036890913721557804,
    0.03657303335191853,
    0.036417546900863317,
    0.036197800021295364,
    0.03611289437797819,
    0.036298220045396866,
    0.03606978470812167,
    0.0359027903636709,
    0.03585450613324407,
    0.03575579783454519,
    0.03596552428139921,
    0.03623594075575508,
    0.03630954303182615,
    0.03639104833391518,
    0.03644507773423007,
    0.03650963298569406,
    0.03630748297463111,
    0.03615042072377021,
    0.03629995989205371,
    0.03686776224351179
  ],
  "reconstruction_loss": [
    0.09872685266453944,
    0.07177077159982613,
    0.0680358031183587,
    0.061702132700095495,
    0.0533534254636726,
    0.04844561147908058,
    0.04571171890979373,
    0.04360062839712142,
    0.0417355979700738,
    0.03977304507706103,
    0.03818808568123351,
    0.03699452554823662,
    0.03593115694228443,
    0.03511618779776414,
    0.034435354540702734,
    0.03395652375268448,
    0.03349457491391086,
    0.032995350637344094,
    0.03264504454971344,
    0.032275527508988024,
    0.031970469685909865,
    0.03174359214096508,
    0.031477477146850674,
    0.03116927399007406,
    0.03102856406308448,
    0.03073253356030626,
    0.030427040677430555,
    0.030215116460493335,
    0.029939044688609348,
    0.029824252515877992,
    0.029591825984596747,
    0.02933817363850979,
    0.029086714197899,
    0.02895653987112445,
    0.02884071201852818,
    0.028565592789161934,
    0.028420824776779423,
    0.028277770812571355,
    0.028094308209650847
  ],
  "vq_loss": [
    0.0537977368175334,
    0.005722432445203347,
    0.005146610551110753,
    0.005621604529842356,
    0.006839122824079701,
    0.006140791651835663,
    0.0052569445026418825,
    0.005924421239760629,
    0.005931264037587572,
    0.00556922548353886,
    0.0055095539297853454,
    0.00560662893404767,
    0.005480777880364092,
    0.005414081673876607,
    0.005384562990436229,
    0.0053297793605186035,
    0.0052553477832780774,
    0.0049164484906714725,
    0.004830540437694791,
    0.004615386198503712,
    0.0046025636887101155,
    0.004673954781915442,
    0.00472032286535025,
    0.004943620381667948,
    0.005269655979904527,
    0.005337251172179851,
    0.005475749703511121,
    0.005639389676016073,
    0.005816753136616205,
    0.006141271763823584,
    0.006644114773263044,
    0.0069713694007997856,
    0.007304334131772109,
    0.007488537895862929,
    0.007668920977308346,
    0.007741890196417147,
    0.007729595922409818,
    0.008022189068014699,
    0.008773454023605878
  ],
  "codebook_loss": [
    0.04890703352346731,
    0.005202211315266886,
    0.00467873686271544,
    0.005110549568305243,
    0.006217384386106525,
    0.005582537867560255,
    0.0047790404539385205,
    0.005385837493963904,
    0.005392058215489492,
    0.005062932258644485,
    0.005008685390134426,
    0.005096935395095875,
    0.0049825253431957876,
    0.004921892431216598,
    0.004895057263688056,
    0.004845253963737745,
    0.004777588891486812,
    0.004469498627565048,
    0.004391400400209856,
    0.004195805632870315,
    0.004184148805893101,
    0.004249049802431072,
    0.0042912026064378704,
    0.004494200346204725,
    0.004790596346954358,
    0.004852046520139092,
    0.004977954276007389,
    0.005126717885256641,
    0.00528795739902145,
    0.005582974330673123,
    0.006040104342174119,
    0.006337608545920207,
    0.006640303760631242,
    0.006807761723359786,
    0.0069717463473713435,
    0.00703808199889718,
    0.007026905383548298,
    0.007292899154024093,
    0.007975867300914685
  ],
  "commitment_loss": [
    0.004890703437894659,
    0.0005202211401731187,
    0.0004678736937058153,
    0.0005110549662640564,
    0.000621738450263661,
    0.0005582537981509251,
    0.00047790405304595676,
    0.0005385837604008788,
    0.0005392058322210574,
    0.0005062932357643955,
    0.0005008685481304018,
    0.0005096935490845165,
    0.0004982525435279153,
    0.0004921892519693585,
    0.0004895057346527574,
    0.00048452540471846406,
    0.00047775889687386625,
    0.0004469498698476775,
    0.0004391400466226825,
    0.00041958056944764807,
    0.00041841488663559663,
    0.00042490498631711005,
    0.0004291202669371392,
    0.0004494200416766749,
    0.00047905964262708625,
    0.00048520465967250996,
    0.0004977954361477798,
    0.0005126717979711057,
    0.000528795750228448,
    0.000558297443786625,
    0.000604010445415915,
    0.0006337608662335529,
    0.0006640303880511112,
    0.0006807761840184357,
    0.0006971746463827807,
    0.0007038082117939063,
    0.00070269055020142,
    0.000729289926696837,
    0.0007975867418847911
  ],
  "val_total": [
    0.09178410228120408,
    0.07859929797713448,
    0.08133950061745607,
    0.08242434160071323,
    0.06933975041226967,
    0.06246422112072889,
    0.05586826906017317,
    0.060291281540340344,
    0.05097531684949213,
    0.06646935421229407,
    0.06286120476666136,
    0.04976356348402333,
    0.05486632502100964,
    0.04584742255886855,
    0.053504653447774636,
    0.048717452154853284,
    0.045245691197123655,
    0.04234200731049565,
    0.04244272534671729,
    0.03977772731458085,
    0.042943971013600715,
    0.04095244982008377,
    0.04116429019673833,
    0.07013856223180188,
    0.04816618468066705,
    0.040802968800985974,
    0.040125239187052915,
    0.03982339660446388,
    0.03745740572376984,
    0.0404441731557981,
    0.04015286805046756,
    0.041201981957381284,
    0.043146703271271694,
    0.051976529528662406,
    0.04114040895415853,
    0.04812515532498421,
    0.0438360532107374,
    0.04751210137590499,
    0.055626004139732003
  ],
  "val_reconstruction_loss": [
    0.08346773637871875,
    0.07226558719326179,
    0.0761910880440726,
    0.07486570165466867,
    0.06247632562236013,
    0.056436875805435875,
    0.05043265788938938,
    0.05424347926644091,
    0.04455866770612701,
    0.06009304269252661,
    0.05671992388932964,
    0.044361287559868005,
    0.0492554800907671,
    0.039933947187366745,
    0.04784258338782569,
    0.042841206727745586,
    0.03962337690323377,
    0.037872931395002335,
    0.03796825252901204,
    0.03535714910798948,
    0.03849297349284926,
    0.03630937186593529,
    0.036122938271605065,
    0.06471311470885663,
    0.04234565818417557,
    0.035693115993358775,
    0.034257545072454994,
    0.03319657627769437,
    0.032357297165086375,
    0.0341854548000988,
    0.03328273152359043,
    0.03462839876447374,
    0.03586856712004497,
    0.044455139279844534,
    0.033222233114126996,
    0.04056036839548236,
    0.035977709515772734,
    0.03742326719653022,
    0.04399601781106805
  ],