{
  "total": [
    0.12892607979977877,
    0.036214794073910886,
    0.03218414110939131,
    0.03096917118942687,
    0.028874284575891116,
    0.028664644692697038,
    0.026990214941346083,
    0.026846290765282003,
    0.027064338278244972,
    0.025135382917628006,
    0.025172453660084793,
    0.02491388599881445,
    0.024499110073331574,
    0.02307987303064048,
    0.02430872178901945,
    0.023092597071910293,
    0.02317328473570367,
    0.02328467319664303,
    0.022005857828506288,
    0.022398101010665934,
    0.021904391555411004,
    0.0219615195174105,
    0.02311924833622151,
    0.020810404226030654,
    0.021161389476222883,
    0.020428686929397085,
    0.020413912349666326,
    0.022986610261159716,
    0.02011747589926625,
    0.02144630569385288,
    0.019885425509248274,
    0.020056988227131783,
    0.01959186587507982
  ],
  "reconstruction_loss": [
    0.04980751675602002,
    0.01701442530573095,
    0.012836997389847166,
    0.01144015793937783,
    0.010161566493534781,
    0.009905747232840429,
    0.009086270750607195,
    0.009056035480445299,
    0.009311239817424424,
    0.008469407146669886,
    0.00851156745841367,
    0.008417032865679469,
    0.008221019451589187,
    0.007739985694673035,
    0.008311585600967225,
    0.007697829606352317,
    0.007750603128941426,
    0.007863887385015592,
    0.007350667423224619,
    0.0075165212889634885,
    0.007371037272674449,
    0.007317271998545952,
    0.007912740437694148,
    0.007027646893728554,
    0.0072745667870838275,
    0.006909798143104041,
    0.006929086620908302,
    0.007933032874477977,
    0.00685154850263887,
    0.007338568668883467,
    0.0067399911483522435,
    0.0067985137365148655,
    0.00666332916427248
  ],
  "vq_loss": [
    0.07911856308113255,
    0.019200368778668857,
    0.01934714372036697,
    0.019529013248238816,
    0.01871271807332253,
    0.01875889746958766,
    0.017903944194905007,
    0.017790255282628054,
    0.01775309844969935,
    0.016665975760863292,
    0.016660886190411343,
    0.016496853128020444,
    0.016278090620919557,
    0.015339887332295025,
    0.015997136187510887,
    0.01539476746223634,
    0.01542268160838625,
    0.015420785821332505,
    0.014655190408620629,
    0.014881579721126465,
    0.01453335428057121,
    0.014644247521294063,
    0.015206507895145096,
    0.013782757330617464,
    0.013886822694517768,
    0.01351888878259031,
    0.013484825722686403,
    0.015053577379427842,
    0.01326592738923057,
    0.014107737029624902,
    0.013145434364161367,
    0.013258474500690093,
    0.01292853671219316
  ],
  "codebook_loss": [
    0.07192596650303697,
    0.01745488071220044,
    0.017588312473489225,
    0.017753648408091405,
    0.01701156188323552,
    0.017053543152904464,
    0.016276312897429212,
    0.016172959347566525,
    0.01613918041279867,
    0.015150887054303501,
    0.015146260174461842,
    0.014997139208834612,
    0.014798264203141462,
    0.01394535212305874,
    0.014542851081684476,
    0.013995243150744257,
    0.01402061964560639,
    0.014018896198129495,
    0.01332290037115834,
    0.01352870883819399,
    0.013212140257179686,
    0.01331295229034064,
    0.01382409808674121,
    0.012529779391123966,
    0.012624384270762307,
    0.012289898895109577,
    0.012258932475767878,
    0.013685070339069867,
    0.012059933993085184,
    0.012825215476537052,
    0.011950394878167018,
    0.01205315863824453,
    0.011753215190710759
  ],
  "commitment_loss": [
    0.007192596768533143,
    0.0017454880986973772,
    0.0017588312738882296,
    0.0017753648682427338,
    0.0017011562145597108,
    0.00170535434097401,
    0.0016276313138457845,
    0.001617295959703133,
    0.0016139180667737462,
    0.001515088729488607,
    0.0015146260418924709,
    0.001499713945085497,
    0.0014798264443944898,
    0.001394535235447758,
    0.0014542851323432,
    0.0013995243391673282,
    0.001402061987741932,
    0.0014018896436221921,
    0.001332290060061971,
    0.001352870907567579,
    0.0013212140488667817,
    0.0013312952528038973,
    0.0013824098326708824,
    0.001252977962647507,
    0.0012624384508374026,
    0.0012289899125640627,
    0.001225893271237488,
    0.0013685070590167341,
    0.0012059934227834322,
    0.001282521571880859,
    0.001195039510997562,
    0.0012053158874141298,
    0.0011753215427460673
  ],
  "val_total": [
    0.0739400589172213,
    0.05065115360100625,
    0.07115972324614546,
    0.03643677368131431,
    0.04675437555792303,
    0.04186697225040394,
    0.09057796514605071,
    0.10171155850332066,
    0.038796818428017195,
    0.044057050337848125,
    0.07509883662703527,
    0.05951987072842895,
    0.02524878206465904,
    0.03695924722360503,
    0.03573712139508442,
    0.04319301249842019,
    0.04253396478561267,
    0.02896772684907067,
    0.06269837145517564,
    0.059633577890817635,
    0.0386332183042234,
    0.06365315503866932,
    0.021818734160344563,
    0.044765123221496235,
    0.030628593830947157,
    0.055993570818456795,
    0.04794387462603952,
    0.027389864115614837,
    0.07824075789447009,
    0.02301005474573181,
    0.036820466047168154,
    0.02217391034453813,
    0.05853382544241198
  ],
  "val_reconstruction_loss": [
    0.03031230559605321,
    0.030368097376271087,
    0.03584249279601039,
    0.015698623222921204,
    0.018076268498277957,
    0.019137374534716502,
    0.06080049873970071,
    0.07178808646936144,
    0.019880027380342682,
    0.021877688514316637,
    0.03966971376725882,
    0.037575177925052744,
    0.009464115496751663,
    0.016215237363500598,
    0.017734038879449056,
    0.02318588477897271,
    0.024390343098300755,
    0.01375808513795194,
    0.045417734645537826,
    0.044444065560363316,
    0.01947178360415916,
    0.04372021289024344,
    0.007416661906405528,
    0.029684907161903085,
    0.0164458161797178,
    0.039131865118658765,
    0.030982983942090137,
    0.013480317266369493,
    0.05718550783180221,
    0.009670657266811392,
    0.020663725952222562,
    0.008101740732562018,
    0.04129764238781273
  ],
  "val_vq_loss": [
    0.043627753353599884,
    0.020283056198540254,
    0.03531723040273476,
    0.02073815046104378,
    0.028678106995717018,
    0.02272959776246406,
    0.029777466403231555,
    0.02992347208447798,
    0.01891679107948262,
    0.022179361804820837,
    0.03542912280426819,
    0.021944692825517143,
    0.01578466659425821,
    0.02074400983250622,
    0.01800308252592622,
    0.02000712775343849,
    0.018143621612781158,
    0.015209641709403587,
    0.0172806368582855,
    0.015189512267929564,
    0.01916143470380637,
    0.019932942093853153,
    0.014402072249573218,
    0.015080216025602134,
    0.014182777613340292,
    0.016861705685453202,
    0.01696089068675598,
    0.013909546815410253,
    0.021055250155909287,
    0.013339397469721017,
    0.01615674007561126,
    0.014072169613691255,
    0.01723618308578367
  ],
  "val_codebook_loss": [
    0.039661593943529944,
    0.01843914200757469,
    0.03210657305682442,
    0.018852864058272596,
    0.026071006370430493,
    0.020663270679711496,
    0.02707042398794091,
    0.027203156428357654,
    0.01719708280616343,
    0.020163056175739807,
    0.03220829344685904,
    0.019949720754892646,
    0.014349696905146826,
    0.018858190746901524,
    0.016366438653582647,
    0.018188297963114455,
    0.016494201473478853,
    0.013826947011397838,
    0.015709669842989264,
    0.013808647513379608,
    0.01741948608285954,
    0.018120856445782273,
    0.013092792950783885,
    0.013709287308985995,
    0.012893434201685124,
    0.015328823347888898,
    0.015418991518998823,
    0.012645042560172603,
    0.0191411365309433,
    0.012126724976499277,
    0.014687945516323167,
    0.012792881471400392,
    0.01566925733188838
  ],